{"credit":"Made by DisneyArchitect","parent":"hideaway:obs/qu-eks","texture_size":[64,64],"textures":{"particle":"hideaway:particles/kvo-9t","1_x1024":"hideaway:obs/kj5h0k","7_x1024":"hideaway:obs/h8il2u","4_x1024":"hideaway:obs/o8okc2"},"elements":[{"from":[7.3,6.4,7.1],"to":[8.9,9.1,8.7],"rotation":{"angle":0,"axis":"y","origin":[7.3,6.4,7.1]},"faces":{"north":{"uv":[1.25,15.578125,1.5,16],"texture":"#1_x1024","tintindex":0},"east":{"uv":[1.75,15.578125,1.5,16],"texture":"#1_x1024","tintindex":0},"south":{"uv":[1.25,15.578125,1.5,16],"texture":"#1_x1024","tintindex":0},"west":{"uv":[1.75,15.578125,1.5,16],"texture":"#1_x1024","tintindex":0}}},{"from":[7.1,6.4,6.9],"to":[9.1,6.7,8.9],"rotation":{"angle":0,"axis":"y","origin":[7.3,6.4,7.1]},"faces":{"north":{"uv":[15.4375,15.71875,15.75,15.765625],"texture":"#7_x1024","tintindex":0},"east":{"uv":[15.4375,15.71875,15.75,15.765625],"texture":"#7_x1024","tintindex":0},"south":{"uv":[15.4375,15.71875,15.75,15.765625],"texture":"#7_x1024","tintindex":0},"west":{"uv":[15.4375,15.71875,15.75,15.765625],"texture":"#7_x1024","tintindex":0},"up":{"uv":[5,3.21875,5.3125,3.53125],"texture":"#4_x1024","tintindex":0},"down":{"uv":[5.3125,3.21875,5.625,3.53125],"texture":"#4_x1024","tintindex":0}}},{"from":[7.1,8.8,6.9],"to":[9.1,9.1,8.9],"rotation":{"angle":0,"axis":"y","origin":[7.3,6.4,7.1]},"faces":{"north":{"uv":[15.4375,15.71875,15.75,15.765625],"texture":"#7_x1024","tintindex":0},"east":{"uv":[15.4375,15.71875,15.75,15.765625],"texture":"#7_x1024","tintindex":0},"south":{"uv":[15.4375,15.71875,15.75,15.765625],"texture":"#7_x1024","tintindex":0},"west":{"uv":[15.4375,15.71875,15.75,15.765625],"texture":"#7_x1024","tintindex":0},"up":{"uv":[5.625,3.21875,5.9375,3.53125],"texture":"#4_x1024","tintindex":0},"down":{"uv":[5.3125,3.21875,5.625,3.53125],"texture":"#4_x1024","tintindex":0}}},{"from":[7.7,9.15,7.9],"to":[8.1,9.15,8.3],"rotation":{"angle":0,"axis":"y","origin":[7.3,6.4,7.1]},"faces":{"north":{"uv":[0,0,1,0],"texture":"#missing","tintindex":0},"east":{"uv":[0,0,1,0],"texture":"#missing","tintindex":0},"south":{"uv":[0,0,1,0],"texture":"#missing","tintindex":0},"west":{"uv":[0,0,1,0],"texture":"#missing","tintindex":0},"up":{"uv":[11,14.125,11.0625,14.1875],"texture":"#7_x1024","tintindex":0},"down":{"uv":[11,14.125,11.0625,14.1875],"texture":"#7_x1024","tintindex":0}}}],"display":{"gui":{"rotation":[30,225,0],"translation":[0,1,0],"scale":[2.86,2.86,2.86]}}}