{"gui_light":"front","display":{"thirdperson_righthand":{"rotation":[75,45,0],"translation":[0,2.5,0],"scale":[0.2222222222222222,0.2222222222222222,0.2222222222222222]},"thirdperson_lefthand":{"rotation":[75,45,0],"translation":[0,2.5,0],"scale":[0.2222222222222222,0.2222222222222222,0.2222222222222222]},"firstperson_righthand":{"scale":[0.2222222222222222,0.2222222222222222,0.2222222222222222]},"firstperson_lefthand":{"rotation":[0,-180,0],"scale":[0.2222222222222222,0.2222222222222222,0.2222222222222222]},"ground":{"rotation":[0,45,0],"translation":[0,-0.4444444444444444,0],"scale":[0.2222222222222222,0.2222222222222222,0.2222222222222222]},"gui":{"rotation":[30,0,0],"translation":[0,-2.75,0],"scale":[0.2222222222222222,0.2222222222222222,0.2222222222222222]},"head":{"rotation":[0,180,0]}}}