{"gui_light":"front","display":{"thirdperson_righthand":{"rotation":[75,45,0],"translation":[0,2.5,0],"scale":[0.18181818181818185,0.18181818181818185,0.18181818181818185]},"thirdperson_lefthand":{"rotation":[75,45,0],"translation":[0,2.5,0],"scale":[0.18181818181818185,0.18181818181818185,0.18181818181818185]},"firstperson_righthand":{"scale":[0.18181818181818185,0.18181818181818185,0.18181818181818185]},"firstperson_lefthand":{"rotation":[0,-180,0],"scale":[0.18181818181818185,0.18181818181818185,0.18181818181818185]},"ground":{"rotation":[0,45,0],"translation":[0,-0.3636363636363637,0],"scale":[0.18181818181818185,0.18181818181818185,0.18181818181818185]},"gui":{"rotation":[30,0,0],"translation":[0,-2.75,0],"scale":[0.18181818181818185,0.18181818181818185,0.18181818181818185]},"head":{"rotation":[0,180,0]}}}