{"gui_light":"front","display":{"thirdperson_righthand":{"rotation":[75,45,0],"translation":[0,2.5,0],"scale":[0.2352941176470588,0.2352941176470588,0.2352941176470588]},"thirdperson_lefthand":{"rotation":[75,45,0],"translation":[0,2.5,0],"scale":[0.2352941176470588,0.2352941176470588,0.2352941176470588]},"firstperson_righthand":{"rotation":[0,45,0],"scale":[0.2352941176470588,0.2352941176470588,0.2352941176470588]},"firstperson_lefthand":{"rotation":[0,225,0],"scale":[0.2352941176470588,0.2352941176470588,0.2352941176470588]},"ground":{"translation":[0,-0.4705882352941176,0],"scale":[0.2352941176470588,0.2352941176470588,0.2352941176470588]},"gui":{"rotation":[30,225,0],"scale":[0.2352941176470588,0.2352941176470588,0.2352941176470588]},"head":{"rotation":[0,180,0]}}}