{"credit":"Made by Ziqqy using Blockbench","parent":"hideaway:obs/lll8on","texture_size":[32,32],"textures":{"particle":"hideaway:particles/o7mn4-","7_x1024":"hideaway:obs/h8il2u","6_x1024":"hideaway:obs/pr1qh8","5_x1024":"hideaway:obs/pl66af"},"elements":[{"from":[5.5,6,5.5],"to":[10.5,10,10.5],"rotation":{"angle":0,"axis":"y","origin":[7.5,9,8.5]},"faces":{"north":{"uv":[12.5,13.4375,12.578125,13.5],"texture":"#7_x1024","tintindex":0},"east":{"uv":[12.578125,13.4375,12.65625,13.5],"texture":"#7_x1024","tintindex":0},"south":{"uv":[12.65625,13.4375,12.734375,13.5],"texture":"#7_x1024","tintindex":0},"west":{"uv":[12.734375,13.4375,12.8125,13.5],"texture":"#7_x1024","tintindex":0},"up":{"uv":[5.46875,9.6875,5.390625,9.609375],"texture":"#7_x1024","tintindex":0},"down":{"uv":[5.546875,9.609375,5.46875,9.6875],"texture":"#7_x1024","tintindex":0}}},{"from":[3,10,8],"to":[11,20,8],"rotation":{"angle":0,"axis":"y","origin":[8,9,8.5]},"faces":{"north":{"uv":[8.75,6.421875,8.875,6.578125],"texture":"#6_x1024"},"south":{"uv":[8.875,6.421875,9,6.578125],"texture":"#6_x1024"}}},{"from":[4,0,16],"to":[13,15,16],"faces":{"south":{"uv":[4.34375,2.71875,4.484375,2.953125],"texture":"#5_x1024"}}},{"from":[4,0,16],"to":[11,6,16],"faces":{"south":{"uv":[14.96875,5.265625,15.078125,5.359375],"texture":"#7_x1024","tintindex":0}}}],"display":{"thirdperson_righthand":{"rotation":[-86.25,0,0],"translation":[0.5,-2,0.5]},"thirdperson_lefthand":{"rotation":[-86.25,0,0],"translation":[0.5,-2,0.5]},"firstperson_righthand":{"rotation":[0,-80,0],"translation":[4.75,-3,-4]},"firstperson_lefthand":{"rotation":[0,81,0],"translation":[4.75,-3,-4]}}}