{"credit":"Made with Blockbench","parent":"hideaway:obs/sp6hnt","texture_size":[32,32],"textures":{"particle":"hideaway:particles/u4ud22","7_x1024":"hideaway:obs/h8il2u","6_x1024":"hideaway:obs/pr1qh8"},"elements":[{"from":[8.5,7.68143,7.7],"to":[9.1,8.38143,8.4],"rotation":{"angle":45,"axis":"x","origin":[9.1,8.08143,8]},"faces":{"north":{"uv":[15.9375,1.75,15.84375,1.859375],"texture":"#7_x1024","tintindex":0},"east":{"uv":[4.265625,1.53125,4.15625,1.640625],"texture":"#7_x1024","tintindex":0},"south":{"uv":[0,1.859375,0.09375,1.96875],"texture":"#7_x1024","tintindex":0},"west":{"uv":[4.375,1.53125,4.265625,1.640625],"texture":"#7_x1024","tintindex":0},"up":{"uv":[0.09375,1.859375,0.1875,1.96875],"texture":"#7_x1024","tintindex":0},"down":{"uv":[0,1.859375,0.09375,1.96875],"texture":"#7_x1024","tintindex":0}}},{"from":[6.9,7.68143,7.7],"to":[7.5,8.38143,8.4],"rotation":{"angle":45,"axis":"x","origin":[6.9,8.08143,8]},"faces":{"north":{"uv":[0.09375,1.859375,0.1875,1.96875],"texture":"#7_x1024","tintindex":0},"east":{"uv":[4.375,1.53125,4.484375,1.640625],"texture":"#7_x1024","tintindex":0},"south":{"uv":[0.28125,1.859375,0.1875,1.96875],"texture":"#7_x1024","tintindex":0},"west":{"uv":[4.484375,1.53125,4.59375,1.640625],"texture":"#7_x1024","tintindex":0},"up":{"uv":[15.9375,1.75,15.84375,1.859375],"texture":"#7_x1024","tintindex":0},"down":{"uv":[0.28125,1.859375,0.1875,1.96875],"texture":"#7_x1024","tintindex":0}}},{"from":[7.5,7.30643,7.55],"to":[8.5,8.30643,8.15],"rotation":{"angle":45,"axis":"x","origin":[7.9,7.70643,8.15]},"faces":{"north":{"uv":[4.53125,5.484375,4.375,5.328125],"rotation":180,"texture":"#6_x1024","tintindex":0},"east":{"uv":[12.8125,4.703125,12.96875,4.796875],"rotation":90,"texture":"#7_x1024","tintindex":0},"south":{"uv":[4.6875,5.328125,4.53125,5.484375],"texture":"#6_x1024","tintindex":0},"west":{"uv":[12.8125,4.703125,12.96875,4.796875],"rotation":270,"texture":"#7_x1024","tintindex":0},"up":{"uv":[12.96875,4.703125,13.125,4.796875],"texture":"#7_x1024","tintindex":0},"down":{"uv":[12.96875,4.703125,13.125,4.796875],"rotation":180,"texture":"#7_x1024","tintindex":0}}},{"from":[7.49,7.29643,7.54],"to":[8.51,8.31643,8.16],"rotation":{"angle":45,"axis":"x","origin":[7.9,7.70643,8.15]},"faces":{"north":{"uv":[4.84375,5.484375,4.6875,5.328125],"rotation":180,"texture":"#6_x1024"}}}],"display":{"gui":{"rotation":[30,225,0],"scale":[4,4,4]}},"groups":[{"name":"group","origin":[7,0,7],"color":0,"nbt":"{}","children":[0,1,{"name":"group","origin":[7,0,7],"color":0,"nbt":"{}","children":[2,3]}]}],"__credit":"Generated using Animated Java (https://animated-java.dev/)"}