{"gui_light":"front","display":{"thirdperson_righthand":{"rotation":[75,45,0],"translation":[0,2.5,0],"scale":[0.14814814814814814,0.14814814814814814,0.14814814814814814]},"thirdperson_lefthand":{"rotation":[75,45,0],"translation":[0,2.5,0],"scale":[0.14814814814814814,0.14814814814814814,0.14814814814814814]},"firstperson_righthand":{"rotation":[0,45,0],"scale":[0.14814814814814814,0.14814814814814814,0.14814814814814814]},"firstperson_lefthand":{"rotation":[0,225,0],"scale":[0.14814814814814814,0.14814814814814814,0.14814814814814814]},"ground":{"translation":[0,-0.2962962962962963,0],"scale":[0.14814814814814814,0.14814814814814814,0.14814814814814814]},"gui":{"rotation":[30,225,0],"scale":[0.14814814814814814,0.14814814814814814,0.14814814814814814]},"head":{"rotation":[0,180,0]}}}