{"gui_light":"front","display":{"thirdperson_righthand":{"rotation":[75,45,0],"translation":[0,2.5,0],"scale":[1.3333333333333333,1.3333333333333333,1.3333333333333333]},"thirdperson_lefthand":{"rotation":[75,45,0],"translation":[0,2.5,0],"scale":[1.3333333333333333,1.3333333333333333,1.3333333333333333]},"firstperson_righthand":{"scale":[1.3333333333333333,1.3333333333333333,1.3333333333333333]},"firstperson_lefthand":{"rotation":[0,-180,0],"scale":[1.3333333333333333,1.3333333333333333,1.3333333333333333]},"ground":{"rotation":[0,45,0],"translation":[0,-2.6666666666666665,0],"scale":[1.3333333333333333,1.3333333333333333,1.3333333333333333]},"gui":{"rotation":[30,0,0],"translation":[0,-2.75,0],"scale":[1.3333333333333333,1.3333333333333333,1.3333333333333333]},"head":{"rotation":[0,180,0]}}}