{"gui_light":"front","display":{"thirdperson_righthand":{"rotation":[75,45,0],"translation":[0,2.5,0],"scale":[0.3636363636363637,0.3636363636363637,0.3636363636363637]},"thirdperson_lefthand":{"rotation":[75,45,0],"translation":[0,2.5,0],"scale":[0.3636363636363637,0.3636363636363637,0.3636363636363637]},"firstperson_righthand":{"scale":[0.3636363636363637,0.3636363636363637,0.3636363636363637]},"firstperson_lefthand":{"rotation":[0,-180,0],"scale":[0.3636363636363637,0.3636363636363637,0.3636363636363637]},"ground":{"rotation":[0,45,0],"translation":[0,-0.7272727272727273,0],"scale":[0.3636363636363637,0.3636363636363637,0.3636363636363637]},"gui":{"rotation":[30,0,0],"translation":[0,-2.75,0],"scale":[0.3636363636363637,0.3636363636363637,0.3636363636363637]},"head":{"rotation":[0,180,0]}}}