{"credit":"Made by Ziqqy using Blockbench","parent":"hideaway:obs/sp6hnt","texture_size":[64,64],"textures":{"particle":"hideaway:particles/u4ud22","7_x1024":"hideaway:obs/h8il2u","5_x1024":"hideaway:obs/pl66af"},"elements":[{"from":[6.9,7.2,6.9],"to":[9.1,7.7,7.4],"rotation":{"angle":0,"axis":"y","origin":[7.2,6.4,6.9]},"faces":{"north":{"uv":[0.34375,7.65625,0.6875,7.734375],"texture":"#7_x1024","tintindex":0},"east":{"uv":[8.28125,9.84375,8.359375,9.921875],"texture":"#7_x1024","tintindex":0},"south":{"uv":[0.6875,7.65625,1.03125,7.734375],"texture":"#7_x1024","tintindex":0},"west":{"uv":[8.359375,9.84375,8.4375,9.921875],"texture":"#7_x1024","tintindex":0},"up":{"uv":[1.375,7.734375,1.03125,7.65625],"texture":"#7_x1024","tintindex":0},"down":{"uv":[1.71875,7.65625,1.375,7.734375],"texture":"#7_x1024","tintindex":0}}},{"from":[6.9,7.2,8.6],"to":[9.1,7.7,9.1],"rotation":{"angle":0,"axis":"y","origin":[7.2,6.4,6.9]},"faces":{"north":{"uv":[1.71875,7.65625,2.0625,7.734375],"texture":"#7_x1024","tintindex":0},"east":{"uv":[8.4375,9.84375,8.515625,9.921875],"texture":"#7_x1024","tintindex":0},"south":{"uv":[2.0625,7.65625,2.40625,7.734375],"texture":"#7_x1024","tintindex":0},"west":{"uv":[8.515625,9.84375,8.59375,9.921875],"texture":"#7_x1024","tintindex":0},"up":{"uv":[2.75,7.734375,2.40625,7.65625],"texture":"#7_x1024","tintindex":0},"down":{"uv":[3.09375,7.65625,2.75,7.734375],"texture":"#7_x1024","tintindex":0}}},{"from":[6.9,7.2,7.4],"to":[7.4,7.7,8.6],"rotation":{"angle":0,"axis":"y","origin":[7.2,6.4,6.9]},"faces":{"north":{"uv":[8.59375,9.84375,8.671875,9.921875],"texture":"#7_x1024","tintindex":0},"east":{"uv":[5.25,8.359375,5.4375,8.4375],"texture":"#7_x1024","tintindex":0},"south":{"uv":[8.671875,9.84375,8.75,9.921875],"texture":"#7_x1024","tintindex":0},"west":{"uv":[5.4375,8.359375,5.625,8.4375],"texture":"#7_x1024","tintindex":0},"up":{"uv":[11.015625,14.703125,10.9375,14.515625],"texture":"#5_x1024","tintindex":0},"down":{"uv":[11.09375,14.515625,11.015625,14.703125],"texture":"#5_x1024","tintindex":0}}},{"from":[8.6,7.2,7.4],"to":[9.1,7.7,8.6],"rotation":{"angle":0,"axis":"y","origin":[7.2,6.4,6.9]},"faces":{"north":{"uv":[8.75,9.84375,8.828125,9.921875],"texture":"#7_x1024","tintindex":0},"east":{"uv":[5.625,8.359375,5.8125,8.4375],"texture":"#7_x1024","tintindex":0},"south":{"uv":[8.828125,9.84375,8.90625,9.921875],"texture":"#7_x1024","tintindex":0},"west":{"uv":[5.8125,8.359375,6,8.4375],"texture":"#7_x1024","tintindex":0},"up":{"uv":[11.171875,14.703125,11.09375,14.515625],"texture":"#5_x1024","tintindex":0},"down":{"uv":[11.25,14.515625,11.171875,14.703125],"texture":"#5_x1024","tintindex":0}}}],"display":{"gui":{"rotation":[30,-135,0],"translation":[0,2,0],"scale":[4,4,4]}}}