{"credit":"Made by CookiesNom with Blockbench","parent":"hideaway:obs/lll8on","texture_size":[32,32],"textures":{"particle":"hideaway:particles/hgn2t5","7_x1024":"hideaway:obs/h8il2u","6_x1024":"hideaway:obs/pr1qh8","5_x1024":"hideaway:obs/pl66af"},"elements":[{"from":[5.95,2.95,4.95],"to":[11.05,10.05,11.05],"rotation":{"angle":0,"axis":"y","origin":[5,3,5]},"faces":{"north":{"uv":[13.4375,1.96875,13.515625,2.078125],"texture":"#7_x1024","tintindex":0},"east":{"uv":[5.4375,1.75,5.53125,1.859375],"texture":"#7_x1024","tintindex":0},"south":{"uv":[13.515625,1.96875,13.59375,2.078125],"texture":"#7_x1024","tintindex":0},"west":{"uv":[5.53125,1.75,5.625,1.859375],"texture":"#7_x1024","tintindex":0},"up":{"uv":[13.0625,6.671875,12.984375,6.578125],"texture":"#7_x1024","tintindex":0},"down":{"uv":[13.140625,6.578125,13.0625,6.671875],"texture":"#7_x1024","tintindex":0}}},{"from":[3,2,16],"to":[14,12,16],"faces":{"south":{"uv":[7.796875,4.390625,7.96875,4.546875],"texture":"#6_x1024"}}},{"from":[2,3,16],"to":[13,15,16],"faces":{"south":{"uv":[9.859375,13.765625,10.03125,13.953125],"texture":"#5_x1024","tintindex":0}}}],"display":{"thirdperson_righthand":{"rotation":[90,0,0],"translation":[0,-2,9]},"thirdperson_lefthand":{"rotation":[90,-180,0],"translation":[0,-2,9]},"firstperson_righthand":{"rotation":[-168.21,13.61,-175.57],"translation":[5.25,4,0]},"firstperson_lefthand":{"rotation":[-168.21,-166.4,-175.57],"translation":[5.25,4,0]}}}