{"gui_light":"front","display":{"thirdperson_righthand":{"rotation":[75,45,0],"translation":[0,2.5,0],"scale":[0.13333333333333333,0.13333333333333333,0.13333333333333333]},"thirdperson_lefthand":{"rotation":[75,45,0],"translation":[0,2.5,0],"scale":[0.13333333333333333,0.13333333333333333,0.13333333333333333]},"firstperson_righthand":{"rotation":[0,45,0],"scale":[0.13333333333333333,0.13333333333333333,0.13333333333333333]},"firstperson_lefthand":{"rotation":[0,225,0],"scale":[0.13333333333333333,0.13333333333333333,0.13333333333333333]},"ground":{"translation":[0,-0.26666666666666666,0],"scale":[0.13333333333333333,0.13333333333333333,0.13333333333333333]},"gui":{"rotation":[30,225,0],"scale":[0.13333333333333333,0.13333333333333333,0.13333333333333333]},"head":{"rotation":[0,180,0]}}}