{"gui_light":"front","display":{"thirdperson_righthand":{"rotation":[75,45,0],"translation":[0,2.5,0],"scale":[0.16666666666666666,0.16666666666666666,0.16666666666666666]},"thirdperson_lefthand":{"rotation":[75,45,0],"translation":[0,2.5,0],"scale":[0.16666666666666666,0.16666666666666666,0.16666666666666666]},"firstperson_righthand":{"rotation":[0,45,0],"scale":[0.16666666666666666,0.16666666666666666,0.16666666666666666]},"firstperson_lefthand":{"rotation":[0,225,0],"scale":[0.16666666666666666,0.16666666666666666,0.16666666666666666]},"ground":{"translation":[0,-0.3333333333333333,0],"scale":[0.16666666666666666,0.16666666666666666,0.16666666666666666]},"gui":{"rotation":[30,225,0],"scale":[0.16666666666666666,0.16666666666666666,0.16666666666666666]},"head":{"rotation":[0,180,0]}}}