{"gui_light":"front","display":{"thirdperson_righthand":{"rotation":[75,45,0],"translation":[0,2.5,0],"scale":[0.5714285714285714,0.5714285714285714,0.5714285714285714]},"thirdperson_lefthand":{"rotation":[75,45,0],"translation":[0,2.5,0],"scale":[0.5714285714285714,0.5714285714285714,0.5714285714285714]},"firstperson_righthand":{"scale":[0.5714285714285714,0.5714285714285714,0.5714285714285714]},"firstperson_lefthand":{"rotation":[0,-180,0],"scale":[0.5714285714285714,0.5714285714285714,0.5714285714285714]},"ground":{"rotation":[0,45,0],"translation":[0,-1.1428571428571428,0],"scale":[0.5714285714285714,0.5714285714285714,0.5714285714285714]},"gui":{"rotation":[30,0,0],"translation":[0,-2.75,0],"scale":[0.5714285714285714,0.5714285714285714,0.5714285714285714]},"head":{"rotation":[0,180,0]}}}