{"credit":"Made by Ziqqy using Blockbench","parent":"hideaway:obs/rp7n2t","texture_size":[64,64],"textures":{"particle":"hideaway:particles/kvo-9t","3_x1024":"hideaway:obs/2eldst","7_x1024":"hideaway:obs/h8il2u","4_x1024":"hideaway:obs/o8okc2"},"elements":[{"from":[6,1,6],"to":[10,25,10],"rotation":{"angle":0,"axis":"y","origin":[7,4,8]},"faces":{"north":{"uv":[10.625,12.734375,10.6875,13.109375],"texture":"#3_x1024","tintindex":1},"east":{"uv":[10.6875,12.734375,10.75,13.109375],"texture":"#3_x1024","tintindex":1},"south":{"uv":[10.75,12.734375,10.8125,13.109375],"texture":"#3_x1024","tintindex":1},"west":{"uv":[10.8125,12.734375,10.875,13.109375],"texture":"#3_x1024","tintindex":1},"up":{"uv":[7.125,13.875,7.0625,13.8125],"texture":"#7_x1024","tintindex":1},"down":{"uv":[7.1875,13.8125,7.125,13.875],"texture":"#7_x1024","tintindex":1}}},{"from":[4,4,8],"to":[6,21,8],"rotation":{"angle":0,"axis":"y","origin":[7,4,8.5]},"faces":{"north":{"uv":[9.6875,10.15625,9.71875,10.421875],"texture":"#4_x1024","tintindex":1},"south":{"uv":[9.71875,10.15625,9.75,10.421875],"texture":"#4_x1024","tintindex":1}}},{"from":[5.8,0.8,5.8],"to":[10.2,25.2,10.2],"rotation":{"angle":0,"axis":"y","origin":[7,4,8]},"faces":{"north":{"uv":[10.875,12.734375,10.9375,13.109375],"texture":"#3_x1024","tintindex":1},"east":{"uv":[10.9375,12.734375,11,13.109375],"texture":"#3_x1024","tintindex":1},"south":{"uv":[11,12.734375,11.0625,13.109375],"texture":"#3_x1024","tintindex":1},"west":{"uv":[11.0625,12.734375,11.125,13.109375],"texture":"#3_x1024","tintindex":1},"up":{"uv":[7.25,13.875,7.1875,13.8125],"texture":"#7_x1024","tintindex":1},"down":{"uv":[7.3125,13.8125,7.25,13.875],"texture":"#7_x1024","tintindex":1}}}],"display":{"thirdperson_righthand":{"rotation":[-14.92,21.25,69.83],"translation":[0,3,0.25],"scale":[1.6,1.6,1.6]},"thirdperson_lefthand":{"rotation":[149.3,-30.81,103.22],"translation":[0,3,0.25],"scale":[1.6,1.6,1.6]},"firstperson_righthand":{"rotation":[133.6,64.83,-146.62]},"firstperson_lefthand":{"rotation":[133.6,64.83,-146.62]},"gui":{"rotation":[30,-135,0],"translation":[0,-2.5,0],"scale":[0.6,0.6,0.6]}}}