{"credit":"Made by Ziqqy using Blockbench","parent":"hideaway:obs/_u8ov8","texture_size":[32,32],"textures":{"particle":"hideaway:particles/_9l3ic","7_x1024":"hideaway:obs/h8il2u","6_x1024":"hideaway:obs/pr1qh8"},"elements":[{"from":[6.5,5,3],"to":[9.5,11,13],"rotation":{"angle":0,"axis":"y","origin":[6.5,0,2]},"faces":{"north":{"uv":[7.78125,7.046875,7.828125,7.140625],"texture":"#7_x1024","tintindex":0},"east":{"uv":[11.71875,4.703125,11.875,4.796875],"texture":"#7_x1024","tintindex":0},"south":{"uv":[7.828125,7.046875,7.875,7.140625],"texture":"#7_x1024","tintindex":0},"west":{"uv":[11.875,4.703125,12.03125,4.796875],"texture":"#7_x1024","tintindex":0},"up":{"uv":[2.484375,7.359375,2.4375,7.203125],"texture":"#6_x1024","tintindex":0},"down":{"uv":[2.53125,7.203125,2.484375,7.359375],"texture":"#6_x1024","tintindex":0}}},{"from":[6.25,4.75,2.75],"to":[9.75,11.25,13.25],"rotation":{"angle":0,"axis":"y","origin":[6.5,0,2]},"faces":{"north":{"uv":[7.875,7.046875,7.921875,7.140625],"texture":"#7_x1024","tintindex":0},"east":{"uv":[12.03125,4.703125,12.1875,4.796875],"texture":"#7_x1024","tintindex":0},"south":{"uv":[7.921875,7.046875,7.96875,7.140625],"texture":"#7_x1024","tintindex":0},"west":{"uv":[12.1875,4.703125,12.34375,4.796875],"texture":"#7_x1024","tintindex":0},"up":{"uv":[2.578125,7.359375,2.53125,7.203125],"texture":"#6_x1024","tintindex":0},"down":{"uv":[2.625,7.203125,2.578125,7.359375],"texture":"#6_x1024","tintindex":0}}},{"name":"cube inverted","from":[10.25,11.75,13.75],"to":[5.75,4.25,2.25],"rotation":{"angle":0,"axis":"y","origin":[6.5,0,2]},"faces":{"north":{"uv":[10,9.765625,10.078125,9.6875],"texture":"#7_x1024","tintindex":0},"east":{"uv":[10,9.765625,10.078125,9.6875],"texture":"#7_x1024","tintindex":0},"south":{"uv":[10,9.765625,10.078125,9.6875],"texture":"#7_x1024","tintindex":0},"west":{"uv":[10,9.765625,10.078125,9.6875],"texture":"#7_x1024","tintindex":0},"up":{"uv":[10,9.765625,10.078125,9.6875],"texture":"#7_x1024","tintindex":0},"down":{"uv":[10,9.765625,10.078125,9.6875],"texture":"#7_x1024","tintindex":0}}}],"display":{"thirdperson_righthand":{"rotation":[-20.7,53.26,80.36],"translation":[0.25,2.5,2.5]},"thirdperson_lefthand":{"rotation":[-20.7,53.26,80.36],"translation":[0.25,2.5,2.5]},"firstperson_righthand":{"rotation":[-109.55,76.94,118.3],"translation":[4.75,0.5,-4.75]},"firstperson_lefthand":{"rotation":[-109.55,76.94,118.3],"translation":[4.75,0.5,-4.75]},"gui":{"rotation":[30,-135,0],"scale":[1.2,1.2,1.2]}}}