{"gui_light":"front","display":{"thirdperson_righthand":{"rotation":[75,45,0],"translation":[0,2.5,0],"scale":[0.2857142857142857,0.2857142857142857,0.2857142857142857]},"thirdperson_lefthand":{"rotation":[75,45,0],"translation":[0,2.5,0],"scale":[0.2857142857142857,0.2857142857142857,0.2857142857142857]},"firstperson_righthand":{"scale":[0.2857142857142857,0.2857142857142857,0.2857142857142857]},"firstperson_lefthand":{"rotation":[0,-180,0],"scale":[0.2857142857142857,0.2857142857142857,0.2857142857142857]},"ground":{"rotation":[0,45,0],"translation":[0,-0.5714285714285714,0],"scale":[0.2857142857142857,0.2857142857142857,0.2857142857142857]},"gui":{"rotation":[30,0,0],"translation":[0,-2.75,0],"scale":[0.2857142857142857,0.2857142857142857,0.2857142857142857]},"head":{"rotation":[0,180,0]}}}