{"credit":"Made with Blockbench","parent":"hideaway:obs/r03u_-","texture_size":[32,32],"textures":{"particle":"hideaway:particles/hgn2t5","6_x1024":"hideaway:obs/pr1qh8","7_x1024":"hideaway:obs/h8il2u","5_x1024":"hideaway:obs/pl66af"},"elements":[{"from":[5,11.5,8],"to":[7,20.5,17],"rotation":{"angle":22.5,"axis":"z","origin":[7,11.5,16]},"faces":{"north":{"uv":[4.546875,10.1875,4.578125,10.328125],"texture":"#6_x1024","tintindex":0},"east":{"uv":[3.375,9.34375,3.515625,9.203125],"rotation":270,"texture":"#6_x1024","tintindex":0},"south":{"uv":[4.578125,10.328125,4.609375,10.1875],"rotation":180,"texture":"#6_x1024","tintindex":0},"west":{"uv":[3.65625,9.34375,3.515625,9.203125],"rotation":90,"texture":"#6_x1024","tintindex":0},"up":{"uv":[4.609375,10.1875,4.640625,10.328125],"texture":"#6_x1024","tintindex":0},"down":{"uv":[4.640625,10.1875,4.671875,10.328125],"rotation":180,"texture":"#6_x1024","tintindex":0}}},{"from":[7.7612,16.67317,17],"to":[5.7612,7.67317,8],"rotation":{"angle":22.5,"axis":"z","origin":[-2.2388,7.67317,18]},"faces":{"north":{"uv":[4.703125,10.328125,4.671875,10.1875],"texture":"#6_x1024","tintindex":0},"east":{"uv":[3.796875,9.203125,3.65625,9.34375],"rotation":270,"texture":"#6_x1024","tintindex":0},"south":{"uv":[4.734375,10.1875,4.703125,10.328125],"rotation":180,"texture":"#6_x1024","tintindex":0},"west":{"uv":[3.796875,9.203125,3.9375,9.34375],"rotation":90,"texture":"#6_x1024","tintindex":0},"up":{"uv":[4.734375,10.328125,4.765625,10.1875],"texture":"#6_x1024","tintindex":0},"down":{"uv":[4.765625,10.328125,4.796875,10.1875],"rotation":180,"texture":"#6_x1024","tintindex":0}}},{"from":[9,11.5,8],"to":[11,20.5,17],"rotation":{"angle":-22.5,"axis":"z","origin":[9,11.5,16]},"faces":{"north":{"uv":[4.734375,10.1875,4.703125,10.328125],"texture":"#6_x1024","tintindex":0},"east":{"uv":[3.375,9.34375,3.515625,9.203125],"rotation":270,"texture":"#6_x1024","tintindex":0},"south":{"uv":[4.703125,10.328125,4.671875,10.1875],"rotation":180,"texture":"#6_x1024","tintindex":0},"west":{"uv":[3.65625,9.34375,3.515625,9.203125],"rotation":90,"texture":"#6_x1024","tintindex":0},"up":{"uv":[4.828125,10.1875,4.796875,10.328125],"texture":"#6_x1024","tintindex":0},"down":{"uv":[4.859375,10.1875,4.828125,10.328125],"rotation":180,"texture":"#6_x1024","tintindex":0}}},{"from":[11,20.5,17],"to":[9,11.5,8],"rotation":{"angle":-22.5,"axis":"z","origin":[9,11.5,-3]},"faces":{"north":{"uv":[4.578125,10.328125,4.609375,10.1875],"texture":"#6_x1024","tintindex":0},"east":{"uv":[3.796875,9.203125,3.65625,9.34375],"rotation":270,"texture":"#6_x1024","tintindex":0},"south":{"uv":[4.546875,10.1875,4.578125,10.328125],"rotation":180,"texture":"#6_x1024","tintindex":0},"west":{"uv":[3.796875,9.203125,3.9375,9.34375],"rotation":90,"texture":"#6_x1024","tintindex":0},"up":{"uv":[4.890625,10.328125,4.859375,10.1875],"texture":"#6_x1024","tintindex":0},"down":{"uv":[4.921875,10.328125,4.890625,10.1875],"rotation":180,"texture":"#6_x1024","tintindex":0}}},{"from":[3,8.5,5],"to":[13,15.5,14],"rotation":{"angle":-22.5,"axis":"x","origin":[0,4.5,16]},"faces":{"north":{"uv":[6.5625,0.765625,6.71875,0.875],"texture":"#7_x1024","tintindex":0},"east":{"uv":[12.328125,9.765625,12.4375,9.625],"rotation":270,"texture":"#6_x1024","tintindex":0},"west":{"uv":[12.546875,9.765625,12.4375,9.625],"rotation":90,"texture":"#6_x1024","tintindex":0},"up":{"uv":[7.34375,8.78125,7.5,8.921875],"texture":"#6_x1024","tintindex":0}}},{"from":[13,10.99432,5.34844],"to":[3,3.99432,-3.65156],"rotation":{"angle":-22.5,"axis":"x","origin":[6,23.99432,0.34844]},"faces":{"east":{"uv":[12.65625,9.625,12.546875,9.765625],"rotation":270,"texture":"#6_x1024","tintindex":0},"south":{"uv":[6.875,0.765625,6.71875,0.875],"rotation":180,"texture":"#7_x1024","tintindex":0},"west":{"uv":[12.65625,9.625,12.765625,9.765625],"rotation":90,"texture":"#6_x1024","tintindex":0},"down":{"uv":[7.5,8.921875,7.65625,8.78125],"rotation":180,"texture":"#6_x1024","tintindex":0}}},{"from":[-2.2,6.3,0],"to":[-2.15,12.3,6],"rotation":{"angle":-22.5,"axis":"y","origin":[0,4.5,16]},"faces":{"east":{"uv":[6.5625,5.921875,6.46875,5.828125],"rotation":270,"texture":"#7_x1024"},"west":{"uv":[6.5625,5.921875,6.46875,5.828125],"rotation":90,"texture":"#7_x1024"}}},{"from":[5.3,5.5,5.6],"to":[5.35,11.5,11.6],"rotation":{"angle":22.5,"axis":"y","origin":[0,4.5,16]},"faces":{"east":{"uv":[6.5625,5.921875,6.65625,5.828125],"rotation":270,"texture":"#7_x1024"},"west":{"uv":[6.75,5.921875,6.65625,5.828125],"rotation":90,"texture":"#7_x1024"}}},{"from":[18.15,4.5,1],"to":[18.2,10.5,7],"rotation":{"angle":22.5,"axis":"y","origin":[16,4.5,16]},"faces":{"east":{"uv":[6.75,5.921875,6.84375,5.828125],"rotation":270,"texture":"#7_x1024"},"west":{"uv":[6.75,5.921875,6.84375,5.828125],"rotation":90,"texture":"#7_x1024"}}},{"from":[-4,9.5,3],"to":[-3.95,15.5,9],"rotation":{"angle":-45,"axis":"z","origin":[0,4.5,16]},"faces":{"east":{"uv":[6.5625,5.921875,6.46875,5.828125],"rotation":270,"texture":"#7_x1024"},"west":{"uv":[6.5625,5.921875,6.46875,5.828125],"rotation":90,"texture":"#7_x1024"}}},{"from":[1,1,16],"to":[16,14,16],"faces":{"south":{"uv":[13.0625,8.375,13.296875,8.578125],"texture":"#5_x1024"}}},{"from":[0,2,16],"to":[15,16,16],"faces":{"south":{"uv":[10.8125,4.71875,11.046875,4.9375],"texture":"#5_x1024","tintindex":0}}}],"display":{"head":{"rotation":[22,0,0],"scale":[1.6,1.6,1.6]}}}