{"gui_light":"front","display":{"thirdperson_righthand":{"rotation":[75,45,0],"translation":[0,2.5,0],"scale":[0.3076923076923077,0.3076923076923077,0.3076923076923077]},"thirdperson_lefthand":{"rotation":[75,45,0],"translation":[0,2.5,0],"scale":[0.3076923076923077,0.3076923076923077,0.3076923076923077]},"firstperson_righthand":{"rotation":[0,45,0],"scale":[0.3076923076923077,0.3076923076923077,0.3076923076923077]},"firstperson_lefthand":{"rotation":[0,225,0],"scale":[0.3076923076923077,0.3076923076923077,0.3076923076923077]},"ground":{"translation":[0,-0.6153846153846154,0],"scale":[0.3076923076923077,0.3076923076923077,0.3076923076923077]},"gui":{"rotation":[30,225,0],"scale":[0.3076923076923077,0.3076923076923077,0.3076923076923077]},"head":{"rotation":[0,180,0]}}}