{"gui_light":"front","display":{"thirdperson_righthand":{"rotation":[75,45,0],"translation":[0,2.5,0],"scale":[0.6666666666666666,0.6666666666666666,0.6666666666666666]},"thirdperson_lefthand":{"rotation":[75,45,0],"translation":[0,2.5,0],"scale":[0.6666666666666666,0.6666666666666666,0.6666666666666666]},"firstperson_righthand":{"scale":[0.6666666666666666,0.6666666666666666,0.6666666666666666]},"firstperson_lefthand":{"rotation":[0,-180,0],"scale":[0.6666666666666666,0.6666666666666666,0.6666666666666666]},"ground":{"rotation":[0,45,0],"translation":[0,-1.3333333333333333,0],"scale":[0.6666666666666666,0.6666666666666666,0.6666666666666666]},"gui":{"rotation":[30,0,0],"translation":[0,-2.75,0],"scale":[0.6666666666666666,0.6666666666666666,0.6666666666666666]},"head":{"rotation":[0,180,0]}}}