{"credit":"Made by Ziqqy using Blockbench","parent":"hideaway:obs/rp7n2t","texture_size":[64,64],"textures":{"particle":"hideaway:particles/u4ud22","6_x1024":"hideaway:obs/pr1qh8","5_x1024":"hideaway:obs/pl66af","8_x512":"hideaway:obs/mh52_-","7_x1024":"hideaway:obs/h8il2u"},"elements":[{"from":[3,2,2],"to":[13,13,15],"rotation":{"angle":0,"axis":"y","origin":[8,0,8]},"faces":{"north":{"uv":[6.46875,1.03125,6.625,1.203125],"texture":"#6_x1024","tintindex":1},"east":{"uv":[8.09375,0.515625,8.296875,0.6875],"texture":"#6_x1024","tintindex":1},"south":{"uv":[6.625,1.03125,6.78125,1.203125],"texture":"#6_x1024","tintindex":1},"west":{"uv":[8.296875,0.515625,8.5,0.6875],"texture":"#6_x1024","tintindex":1},"up":{"uv":[4.671875,9.59375,4.515625,9.390625],"texture":"#5_x1024","tintindex":1},"down":{"uv":[4.828125,9.390625,4.671875,9.59375],"texture":"#5_x1024","tintindex":1}}},{"from":[4,3,15],"to":[12,12,18],"rotation":{"angle":0,"axis":"y","origin":[8,0,8]},"faces":{"north":{"uv":[9.8125,9.484375,9.9375,9.625],"texture":"#6_x1024","tintindex":1},"east":{"uv":[12.15625,10.046875,12.203125,10.1875],"texture":"#6_x1024","tintindex":1},"south":{"uv":[9.9375,9.484375,10.0625,9.625],"texture":"#6_x1024","tintindex":1},"west":{"uv":[12.203125,10.046875,12.25,10.1875],"texture":"#6_x1024","tintindex":1},"up":{"uv":[4.25,3.1875,4,3.09375],"texture":"#8_x512","tintindex":1},"down":{"uv":[4.5,3.09375,4.25,3.1875],"texture":"#8_x512","tintindex":1}}},{"from":[2,8,2],"to":[7,14,12],"rotation":{"angle":-22.5,"axis":"x","origin":[3.5,8.5,4.5]},"faces":{"north":{"uv":[15.328125,6.578125,15.40625,6.671875],"texture":"#7_x1024","tintindex":1},"east":{"uv":[14.53125,4.609375,14.6875,4.703125],"texture":"#7_x1024","tintindex":1},"south":{"uv":[15.40625,6.578125,15.484375,6.671875],"texture":"#7_x1024","tintindex":1},"west":{"uv":[14.6875,4.609375,14.84375,4.703125],"texture":"#7_x1024","tintindex":1},"up":{"uv":[9.65625,7.046875,9.578125,6.890625],"texture":"#6_x1024","tintindex":1},"down":{"uv":[9.734375,6.890625,9.65625,7.046875],"texture":"#6_x1024","tintindex":1}}}],"display":{"thirdperson_righthand":{"translation":[0.25,-1.5,-2.25]},"thirdperson_lefthand":{"rotation":[0,0,180],"translation":[0,-2.75,0]},"firstperson_righthand":{"rotation":[51,28,0],"translation":[0.5,2.75,0],"scale":[0.5,0.5,0.5]},"firstperson_lefthand":{"rotation":[51,28,-180],"translation":[0.5,2.75,0],"scale":[0.5,0.5,0.5]},"gui":{"rotation":[30,-135,0],"translation":[0,-0.25,0],"scale":[0.75,0.75,0.75]}}}