{"gui_light":"front","display":{"thirdperson_righthand":{"rotation":[75,45,0],"translation":[0,2.5,0],"scale":[0.14285714285714285,0.14285714285714285,0.14285714285714285]},"thirdperson_lefthand":{"rotation":[75,45,0],"translation":[0,2.5,0],"scale":[0.14285714285714285,0.14285714285714285,0.14285714285714285]},"firstperson_righthand":{"scale":[0.14285714285714285,0.14285714285714285,0.14285714285714285]},"firstperson_lefthand":{"rotation":[0,-180,0],"scale":[0.14285714285714285,0.14285714285714285,0.14285714285714285]},"ground":{"rotation":[0,45,0],"translation":[0,-0.2857142857142857,0],"scale":[0.14285714285714285,0.14285714285714285,0.14285714285714285]},"gui":{"rotation":[30,0,0],"translation":[0,-2.75,0],"scale":[0.14285714285714285,0.14285714285714285,0.14285714285714285]},"head":{"rotation":[0,180,0]}}}