{"credit":"Made by Ziqqy using Blockbench","parent":"hideaway:obs/501cbo","texture_size":[64,64],"textures":{"particle":"hideaway:particles/tag80k","8_x512":"hideaway:obs/mh52_-","10_x256":"hideaway:obs/na_dlk","0_x2048":"hideaway:obs/vjud5-"},"elements":[{"from":[5.6,7.2,8.7],"to":[10.4,7.4,8.8],"rotation":{"angle":0,"axis":"x","origin":[8,6.47,8.7]},"faces":{"north":{"uv":[10.5,9.90625,9,9.84375],"rotation":180,"texture":"#8_x512","tintindex":0},"east":{"uv":[4.25,15.0625,4.375,15.125],"rotation":90,"texture":"#10_x256","tintindex":0},"south":{"uv":[12,9.84375,10.5,9.90625],"texture":"#8_x512","tintindex":0},"west":{"uv":[4.375,15.0625,4.5,15.125],"rotation":270,"texture":"#10_x256","tintindex":0},"up":{"uv":[12.359375,4.96875,12.734375,4.9765625],"texture":"#0_x2048","tintindex":0},"down":{"uv":[12.734375,4.96875,13.109375,4.9765625],"rotation":180,"texture":"#0_x2048","tintindex":0}}},{"from":[10.42,7.42,8.82],"to":[5.58,7.18,8.68],"rotation":{"angle":0,"axis":"x","origin":[8,6.47,8.7]},"faces":{"north":{"uv":[13.5,9.90625,12,9.84375],"rotation":180,"texture":"#8_x512","tintindex":0},"east":{"uv":[4.5,15.0625,4.625,15.125],"rotation":90,"texture":"#10_x256","tintindex":0},"south":{"uv":[15,9.84375,13.5,9.90625],"texture":"#8_x512","tintindex":0},"west":{"uv":[4.625,15.0625,4.75,15.125],"rotation":270,"texture":"#10_x256","tintindex":0},"up":{"uv":[13.109375,4.96875,13.484375,4.9765625],"texture":"#0_x2048","tintindex":0},"down":{"uv":[13.484375,4.96875,13.859375,4.9765625],"rotation":180,"texture":"#0_x2048","tintindex":0}}},{"from":[5.6,7.25,8.699],"to":[10.4,7.35,8.699],"rotation":{"angle":0,"axis":"x","origin":[8,6.47,8.7]},"faces":{"north":{"uv":[14.234375,4.9765625,13.859375,4.96875],"rotation":180,"texture":"#0_x2048"},"south":{"uv":[14.609375,4.96875,14.234375,4.9765625],"texture":"#0_x2048"}}}],"display":{"gui":{"rotation":[30,-135,0],"translation":[2.5,1.5,0],"scale":[4.5,4.5,4.5]}}}