{"credit":"Made by Ziqqy using Blockbench","parent":"hideaway:obs/qu-eks","texture_size":[64,64],"textures":{"particle":"hideaway:particles/tag80k","7_x1024":"hideaway:obs/h8il2u","4_x1024":"hideaway:obs/o8okc2"},"elements":[{"from":[7.15,6.7,8.3],"to":[8.85,7.4,8.8],"rotation":{"angle":0,"axis":"y","origin":[7.15,7.847,8]},"faces":{"north":{"uv":[12.59375,0,12.859375,0.109375],"texture":"#7_x1024","tintindex":0},"east":{"uv":[12.96875,2.078125,13.046875,2.1875],"texture":"#7_x1024","tintindex":0},"south":{"uv":[12.859375,0,13.125,0.109375],"texture":"#7_x1024","tintindex":0},"west":{"uv":[13.046875,2.078125,13.125,2.1875],"texture":"#7_x1024","tintindex":0},"up":{"uv":[11,7.890625,10.734375,7.8125],"texture":"#7_x1024","tintindex":0},"down":{"uv":[11.265625,7.8125,11,7.890625],"texture":"#7_x1024","tintindex":0}}},{"from":[6.75,6.5,8.6],"to":[9.25,7.1,8.6],"rotation":{"angle":0,"axis":"y","origin":[7.15,7.847,7.9]},"faces":{"north":{"uv":[1.171875,3.390625,1.5625,3.484375],"texture":"#7_x1024","tintindex":0},"south":{"uv":[1.5625,3.390625,1.953125,3.484375],"texture":"#7_x1024","tintindex":0}}},{"from":[6.45,7.4,8.2],"to":[9.55,9.4,8.8],"rotation":{"angle":0,"axis":"y","origin":[3.95,7.847,7.9]},"faces":{"north":{"uv":[14.3125,1.96875,14.796875,2.28125],"texture":"#4_x1024","tintindex":0},"east":{"uv":[12.4375,4.46875,12.53125,4.78125],"texture":"#4_x1024","tintindex":0},"south":{"uv":[14.796875,1.96875,15.28125,2.28125],"texture":"#4_x1024","tintindex":0},"west":{"uv":[12.53125,4.46875,12.625,4.78125],"texture":"#4_x1024","tintindex":0},"up":{"uv":[14.984375,3.296875,14.5,3.203125],"texture":"#7_x1024","tintindex":0},"down":{"uv":[15.46875,3.203125,14.984375,3.296875],"texture":"#7_x1024","tintindex":0}}}],"display":{"gui":{"rotation":[30,-135,0],"translation":[1.75,-1,0],"scale":[4.25,4.25,4.25]}}}