{"credit":"Made by Ziqqy using Blockbench","parent":"hideaway:obs/rp7n2t","texture_size":[32,32],"textures":{"particle":"hideaway:particles/hgn2t5","6_x1024":"hideaway:obs/pr1qh8","10_x256":"hideaway:obs/na_dlk"},"elements":[{"from":[4.5,0,7],"to":[11.5,10,8],"rotation":{"angle":0,"axis":"y","origin":[7.5,0,7]},"faces":{"north":{"uv":[14.015625,6.578125,14.125,6.734375],"texture":"#6_x1024","tintindex":0},"east":{"uv":[3.09375,7.359375,3.109375,7.515625],"texture":"#6_x1024","tintindex":0},"south":{"uv":[14.125,6.578125,14.234375,6.734375],"texture":"#6_x1024","tintindex":0},"west":{"uv":[3.109375,7.359375,3.125,7.515625],"texture":"#6_x1024","tintindex":0},"up":{"uv":[1.75,8.3125,1.3125,8.25],"texture":"#10_x256","tintindex":0},"down":{"uv":[2.1875,8.25,1.75,8.3125],"texture":"#10_x256","tintindex":0}}},{"from":[4.75,0.25,7.25],"to":[11.25,9.75,7.75],"rotation":{"angle":0,"axis":"y","origin":[7.5,0,7]},"faces":{"north":{"uv":[14.234375,6.578125,14.34375,6.734375],"texture":"#6_x1024"},"east":{"uv":[3.125,7.359375,3.140625,7.515625],"texture":"#6_x1024"},"south":{"uv":[14.34375,6.578125,14.453125,6.734375],"texture":"#6_x1024"},"west":{"uv":[3.140625,7.359375,3.15625,7.515625],"texture":"#6_x1024"},"up":{"uv":[2.625,8.3125,2.1875,8.25],"texture":"#10_x256"},"down":{"uv":[3.0625,8.25,2.625,8.3125],"texture":"#10_x256"}}}],"display":{"thirdperson_righthand":{"rotation":[-5,152,0],"translation":[-1.5,4,-1.5]},"thirdperson_lefthand":{"rotation":[-5,152,0],"translation":[-1.5,4,-1.5]},"firstperson_righthand":{"rotation":[146.25,22.51,-168.76],"translation":[2.5,5,-2.75]},"firstperson_lefthand":{"rotation":[146.25,22.51,-168.76],"translation":[2.5,5,-2.75]},"gui":{"rotation":[30,-135,0],"translation":[-0.5,3.25,0],"scale":[1.25,1.25,1.25]}}}