{"credit":"Made by Ziqqy using Blockbench","parent":"hideaway:obs/lliunv","texture_size":[128,128],"textures":{"particle":"hideaway:particles/u4ud22","3_x1024":"hideaway:obs/2eldst","5_x1024":"hideaway:obs/pl66af","7_x1024":"hideaway:obs/h8il2u","8_x512":"hideaway:obs/mh52_-","6_x1024":"hideaway:obs/pr1qh8"},"elements":[{"from":[7.2,5.6,7.5],"to":[8.8,8.4,8.8],"rotation":{"angle":0,"axis":"x","origin":[8,7.751672,7.70225]},"faces":{"north":{"uv":[14.3125,7.671875,14.0625,7.234375],"rotation":180,"texture":"#3_x1024","tintindex":0},"east":{"uv":[2.625,7.96875,3.0625,8.171875],"rotation":90,"texture":"#5_x1024","tintindex":0},"south":{"uv":[14.5625,7.234375,14.3125,7.671875],"texture":"#3_x1024","tintindex":0},"west":{"uv":[3.0625,7.96875,3.5,8.171875],"rotation":270,"texture":"#5_x1024","tintindex":0},"up":{"uv":[7,8.375,7.25,8.578125],"texture":"#5_x1024","tintindex":0},"down":{"uv":[7.25,8.375,7.5,8.578125],"rotation":180,"texture":"#5_x1024","tintindex":0}}},{"from":[7.1998999999999995,7.930458,7.664444],"to":[8.8001,10.330658,8.964644],"rotation":{"angle":-22.5,"axis":"x","origin":[8,7.751672,7.70225]},"faces":{"north":{"uv":[7.28125,12.734375,7.03125,12.359375],"rotation":180,"texture":"#3_x1024","tintindex":0},"east":{"uv":[7.625,7.96875,8,8.171875],"rotation":90,"texture":"#5_x1024","tintindex":0},"south":{"uv":[7.53125,12.359375,7.28125,12.734375],"texture":"#3_x1024","tintindex":0},"west":{"uv":[8,7.96875,8.375,8.171875],"rotation":270,"texture":"#5_x1024","tintindex":0},"up":{"uv":[7.5,8.375,7.75,8.578125],"texture":"#5_x1024","tintindex":0},"down":{"uv":[7.75,8.375,8,8.578125],"rotation":180,"texture":"#5_x1024","tintindex":0}}},{"from":[7.7,5.1,7.9],"to":[8.3,5.6,8.5],"rotation":{"angle":0,"axis":"x","origin":[8,7.751672,7.70225]},"faces":{"north":{"uv":[7.59375,9.53125,7.5,9.453125],"rotation":180,"texture":"#7_x1024","tintindex":0},"east":{"uv":[2.421875,6.765625,2.5,6.859375],"rotation":90,"texture":"#7_x1024","tintindex":0},"south":{"uv":[7.6875,9.453125,7.59375,9.53125],"texture":"#7_x1024","tintindex":0},"west":{"uv":[2.5,6.765625,2.578125,6.859375],"rotation":270,"texture":"#7_x1024","tintindex":0},"up":{"uv":[7.5,6.484375,7.59375,6.578125],"texture":"#7_x1024","tintindex":0},"down":{"uv":[7.59375,6.484375,7.6875,6.578125],"rotation":180,"texture":"#7_x1024","tintindex":0}}},{"from":[7.6,4.8,7.8],"to":[8.4,5.1,8.6],"rotation":{"angle":0,"axis":"x","origin":[8,7.751672,7.70225]},"faces":{"north":{"uv":[12.5,3.65625,12.25,3.5625],"rotation":180,"texture":"#8_x512","tintindex":0},"east":{"uv":[14.34375,15.328125,14.390625,15.453125],"rotation":90,"texture":"#6_x1024","tintindex":0},"south":{"uv":[12.75,3.5625,12.5,3.65625],"texture":"#8_x512","tintindex":0},"west":{"uv":[14.390625,15.328125,14.4375,15.453125],"rotation":270,"texture":"#6_x1024","tintindex":0},"up":{"uv":[10.375,14.453125,10.5,14.578125],"texture":"#6_x1024","tintindex":0},"down":{"uv":[10.5,14.453125,10.625,14.578125],"rotation":180,"texture":"#6_x1024","tintindex":0}}},{"from":[6.8,9.930558,8.164544],"to":[9.2,11.130558,8.464544],"rotation":{"angle":-22.5,"axis":"x","origin":[8,7.751672,7.70225]},"faces":{"north":{"uv":[10.5,11.328125,10.125,11.140625],"rotation":180,"texture":"#5_x1024","tintindex":0},"east":{"uv":[12.75,1.3125,13.125,1.40625],"rotation":90,"texture":"#8_x512","tintindex":0},"south":{"uv":[10.875,11.140625,10.5,11.328125],"texture":"#5_x1024","tintindex":0},"west":{"uv":[13.125,1.3125,13.5,1.40625],"rotation":270,"texture":"#8_x512","tintindex":0},"up":{"uv":[3,15.671875,3.375,15.71875],"texture":"#7_x1024","tintindex":0},"down":{"uv":[3.375,15.671875,3.75,15.71875],"rotation":180,"texture":"#7_x1024","tintindex":0}}}],"display":{"gui":{"rotation":[30,-135,0],"translation":[0,0.25,0],"scale":[2.5,2.5,2.5]}},"groups":[{"name":"bone","origin":[0,36,8],"color":0,"nbt":"{}","armAnimationEnabled":false,"children":[0,1,2,3,4]}]}