{"gui_light":"front","display":{"thirdperson_righthand":{"rotation":[75,45,0],"translation":[0,2.5,0],"scale":[0.4444444444444444,0.4444444444444444,0.4444444444444444]},"thirdperson_lefthand":{"rotation":[75,45,0],"translation":[0,2.5,0],"scale":[0.4444444444444444,0.4444444444444444,0.4444444444444444]},"firstperson_righthand":{"rotation":[0,45,0],"scale":[0.4444444444444444,0.4444444444444444,0.4444444444444444]},"firstperson_lefthand":{"rotation":[0,225,0],"scale":[0.4444444444444444,0.4444444444444444,0.4444444444444444]},"ground":{"translation":[0,-0.8888888888888888,0],"scale":[0.4444444444444444,0.4444444444444444,0.4444444444444444]},"gui":{"rotation":[30,225,0],"scale":[0.4444444444444444,0.4444444444444444,0.4444444444444444]},"head":{"rotation":[0,180,0]}}}