{"credit":"Made by Ziqqy using Blockbench","parent":"hideaway:obs/qu-eks","texture_size":[128,128],"textures":{"particle":"hideaway:particles/qhvbhk","6_x1024":"hideaway:obs/pr1qh8","4_x1024":"hideaway:obs/o8okc2","5_x1024":"hideaway:obs/pl66af","7_x1024":"hideaway:obs/h8il2u"},"elements":[{"from":[7.20167,7.2,7.19403],"to":[8.80167,8.1,8.79403],"rotation":{"angle":0,"axis":"y","origin":[8.70764,7.2,7.19403]},"faces":{"north":{"uv":[13.78125,8.078125,14.03125,8.21875],"texture":"#6_x1024","tintindex":0},"east":{"uv":[14.03125,8.078125,14.28125,8.21875],"texture":"#6_x1024","tintindex":0},"south":{"uv":[14.28125,8.078125,14.53125,8.21875],"texture":"#6_x1024","tintindex":0},"west":{"uv":[14.78125,8.078125,14.53125,8.21875],"texture":"#6_x1024","tintindex":0},"up":{"uv":[5,15.171875,5.25,15.421875],"rotation":180,"texture":"#4_x1024","tintindex":0}}},{"from":[6.601,8.001,8.28589],"to":[9.399,9.199,8.88389],"rotation":{"angle":22.5,"axis":"x","origin":[7.90497,8.1,8.49403]},"faces":{"north":{"uv":[0.4375,10.953125,0.875,11.140625],"texture":"#5_x1024","tintindex":0},"east":{"uv":[0.5625,4.515625,0.75,4.421875],"rotation":90,"texture":"#7_x1024","tintindex":0},"south":{"uv":[0.875,10.953125,1.3125,11.140625],"texture":"#5_x1024","tintindex":0},"west":{"uv":[0.75,4.421875,0.9375,4.515625],"rotation":90,"texture":"#7_x1024","tintindex":0},"up":{"uv":[6.90625,3.296875,7.34375,3.390625],"texture":"#7_x1024","tintindex":0}}},{"from":[6.6,7.2,7.2],"to":[7.2,8.3,8.8],"rotation":{"angle":0,"axis":"y","origin":[6.4,7.2,7.2]},"faces":{"north":{"uv":[15.5625,1.375,15.46875,1.546875],"texture":"#6_x1024","tintindex":0},"east":{"uv":[0.75,0.34375,1,0.515625],"texture":"#6_x1024","tintindex":0},"south":{"uv":[15.5625,1.375,15.65625,1.546875],"texture":"#6_x1024","tintindex":0},"west":{"uv":[1.25,0.34375,1,0.515625],"texture":"#6_x1024","tintindex":0},"up":{"uv":[9,3.953125,8.75,3.859375],"rotation":90,"texture":"#7_x1024","tintindex":0},"down":{"uv":[9,3.953125,9.25,3.859375],"rotation":90,"texture":"#7_x1024","tintindex":0}}},{"from":[8.8,7.2,7.2],"to":[9.4,8.3,8.8],"rotation":{"angle":0,"axis":"y","origin":[8,7.2,7.2]},"faces":{"north":{"uv":[15.5625,1.375,15.65625,1.546875],"texture":"#6_x1024","tintindex":0},"east":{"uv":[0.75,0.34375,1,0.515625],"texture":"#6_x1024","tintindex":0},"south":{"uv":[15.5625,1.375,15.46875,1.546875],"texture":"#6_x1024","tintindex":0},"west":{"uv":[1.25,0.34375,1,0.515625],"texture":"#6_x1024","tintindex":0},"up":{"uv":[9.5,3.859375,9.25,3.953125],"rotation":90,"texture":"#7_x1024","tintindex":0},"down":{"uv":[9.5,3.859375,9.75,3.953125],"rotation":90,"texture":"#7_x1024","tintindex":0}}},{"from":[7.20167,7.2,7.19403],"to":[8.80167,8.1,8.79403],"rotation":{"angle":0,"axis":"y","origin":[8.70764,7.2,7.19403]},"faces":{"north":{"uv":[14.78125,8.078125,15.03125,8.21875],"texture":"#6_x1024"},"east":{"uv":[15.03125,8.078125,15.28125,8.21875],"texture":"#6_x1024"},"south":{"uv":[15.28125,8.078125,15.53125,8.21875],"texture":"#6_x1024"},"west":{"uv":[15.78125,8.078125,15.53125,8.21875],"texture":"#6_x1024"},"down":{"uv":[5.25,15.171875,5.5,15.421875],"texture":"#4_x1024"}}},{"from":[6.601,8.001,8.28589],"to":[9.399,9.199,8.88389],"rotation":{"angle":22.5,"axis":"x","origin":[7.90497,8.1,8.49403]},"faces":{"north":{"uv":[1.3125,10.953125,1.75,11.140625],"texture":"#5_x1024"},"east":{"uv":[0.9375,4.515625,1.125,4.421875],"rotation":90,"texture":"#7_x1024"},"south":{"uv":[1.75,10.953125,2.1875,11.140625],"texture":"#5_x1024"},"west":{"uv":[1.125,4.421875,1.3125,4.515625],"rotation":90,"texture":"#7_x1024"},"up":{"uv":[7.34375,3.296875,7.78125,3.390625],"texture":"#7_x1024"}}},{"from":[6.6,7.2,7.2],"to":[7.2,8.3,8.8],"rotation":{"angle":0,"axis":"y","origin":[6.4,7.2,7.2]},"faces":{"north":{"uv":[15.75,1.375,15.65625,1.546875],"texture":"#6_x1024"},"east":{"uv":[1.25,0.34375,1.5,0.515625],"texture":"#6_x1024"},"south":{"uv":[15.75,1.375,15.84375,1.546875],"texture":"#6_x1024"},"west":{"uv":[1.25,0.34375,1.5,0.515625],"texture":"#6_x1024"},"down":{"uv":[9.75,3.953125,10,3.859375],"rotation":90,"texture":"#7_x1024"}}},{"from":[8.8,7.2,7.2],"to":[9.4,8.3,8.8],"rotation":{"angle":0,"axis":"y","origin":[8,7.2,7.2]},"faces":{"north":{"uv":[15.75,1.375,15.84375,1.546875],"texture":"#6_x1024"},"east":{"uv":[1.75,0.34375,1.5,0.515625],"texture":"#6_x1024"},"south":{"uv":[15.75,1.375,15.65625,1.546875],"texture":"#6_x1024"},"west":{"uv":[1.75,0.34375,1.5,0.515625],"texture":"#6_x1024"},"down":{"uv":[10,3.859375,10.25,3.953125],"rotation":90,"texture":"#7_x1024"}}},{"from":[7.65,8.625,8.55],"to":[8.35,9.425,9.05],"rotation":{"angle":22.5,"axis":"x","origin":[8,9.025,8.8]},"faces":{"north":{"uv":[13.453125,14.578125,13.34375,14.703125],"texture":"#6_x1024"},"east":{"uv":[7.34375,15.078125,7.265625,15.203125],"texture":"#6_x1024"},"south":{"uv":[13.453125,14.578125,13.5625,14.703125],"texture":"#6_x1024"},"west":{"uv":[7.34375,15.078125,7.421875,15.203125],"texture":"#6_x1024"},"up":{"uv":[13.5625,9.140625,13.671875,9.21875],"rotation":180,"texture":"#7_x1024"}}},{"from":[8.95,8.325,8.55],"to":[9.45,9.125,9.25],"rotation":{"angle":22.5,"axis":"x","origin":[9.3,8.825,9]},"faces":{"north":{"uv":[7.34375,15.078125,7.421875,15.203125],"texture":"#6_x1024"},"east":{"uv":[13.453125,14.578125,13.34375,14.703125],"texture":"#6_x1024"},"south":{"uv":[7.34375,15.078125,7.265625,15.203125],"texture":"#6_x1024"},"up":{"uv":[13.5625,9.140625,13.671875,9.21875],"rotation":270,"texture":"#7_x1024"}}},{"from":[6.55,8.325,8.55],"to":[7.05,9.125,9.25],"rotation":{"angle":22.5,"axis":"x","origin":[6.7,8.825,9]},"faces":{"north":{"uv":[7.34375,15.078125,7.265625,15.203125],"texture":"#6_x1024"},"south":{"uv":[7.34375,15.078125,7.421875,15.203125],"texture":"#6_x1024"},"west":{"uv":[13.5625,14.578125,13.671875,14.703125],"texture":"#6_x1024"},"up":{"uv":[13.671875,9.21875,13.78125,9.140625],"rotation":270,"texture":"#7_x1024"}}},{"from":[6.60367,9.701,8.48589],"to":[9.40367,10.401,8.48589],"rotation":{"angle":22.5,"axis":"x","origin":[7.2,8.1,7.2]},"faces":{"north":{"uv":[1.34375,15.8125,1.78125,15.921875],"texture":"#6_x1024"},"south":{"uv":[1.34375,15.8125,1.78125,15.921875],"texture":"#6_x1024"}}},{"from":[6.60367,9.701,8.48589],"to":[9.40367,10.401,8.48589],"rotation":{"angle":22.5,"axis":"x","origin":[7.2,8.1,7.2]},"faces":{"north":{"uv":[1.78125,15.8125,2.21875,15.921875],"texture":"#6_x1024","tintindex":0},"south":{"uv":[1.78125,15.8125,2.21875,15.921875],"texture":"#6_x1024","tintindex":0}}}],"display":{"gui":{"rotation":[30,-135,0],"translation":[0,-1.75,0],"scale":[4,4,4]}},"groups":[{"name":"group","origin":[12.08135,9,0.94029],"color":0,"nbt":"{}","children":[0,1,2,3]},{"name":"group","origin":[12.08135,9,0.94029],"color":0,"nbt":"{}","children":[4,5,6,7,8,9,10,11,12]}],"__credit":"Generated using Animated Java (https://animated-java.dev/)"}