{"credit":"Made by Ziqqy using Blockbench","parent":"hideaway:obs/_u8ov8","texture_size":[32,32],"textures":{"particle":"hideaway:particles/2af6bb","5_x1024":"hideaway:obs/pl66af","7_x1024":"hideaway:obs/h8il2u"},"elements":[{"from":[5,5,7],"to":[11,11,9],"rotation":{"angle":0,"axis":"y","origin":[7.5,4,7.5]},"faces":{"north":{"uv":[2.625,13.015625,2.8125,13.203125],"texture":"#5_x1024","tintindex":0},"south":{"uv":[2.625,13.015625,2.8125,13.203125],"texture":"#5_x1024","tintindex":0}}},{"from":[4.75,4.75,6.75],"to":[11.25,11.25,9.25],"rotation":{"angle":0,"axis":"y","origin":[7.75,3.75,7.25]},"faces":{"north":{"uv":[9.953125,8.78125,10.15625,8.984375],"texture":"#5_x1024","tintindex":0},"east":{"uv":[4.78125,9.796875,4.859375,10],"texture":"#5_x1024","tintindex":0},"south":{"uv":[9.953125,8.78125,10.15625,8.984375],"texture":"#5_x1024","tintindex":0},"west":{"uv":[4.78125,9.796875,4.859375,10],"texture":"#5_x1024","tintindex":0},"up":{"uv":[3.046875,8.28125,2.84375,8.203125],"texture":"#7_x1024","tintindex":0},"down":{"uv":[3.25,8.203125,3.046875,8.28125],"texture":"#7_x1024","tintindex":0}}},{"name":"cube_outline","from":[11.75,11.75,9.75],"to":[4.25,4.25,6.25],"rotation":{"angle":0,"axis":"y","origin":[7.75,3.75,7.25]},"faces":{"north":{"uv":[10.15625,8.78125,10.359375,8.984375],"rotation":180,"texture":"#5_x1024","tintindex":0},"east":{"uv":[4.859375,9.796875,4.9375,10],"rotation":180,"texture":"#5_x1024","tintindex":0},"south":{"uv":[10.15625,8.78125,10.359375,8.984375],"rotation":180,"texture":"#5_x1024","tintindex":0},"west":{"uv":[4.859375,9.796875,4.9375,10],"rotation":180,"texture":"#5_x1024","tintindex":0},"up":{"uv":[3.453125,8.203125,3.25,8.28125],"rotation":180,"texture":"#7_x1024","tintindex":0},"down":{"uv":[3.65625,8.28125,3.453125,8.203125],"rotation":180,"texture":"#7_x1024","tintindex":0}}}],"display":{"thirdperson_righthand":{"rotation":[14,-50,67],"translation":[0,4,0.5]},"thirdperson_lefthand":{"rotation":[14,-50,67],"translation":[0,4,0.5]},"firstperson_righthand":{"rotation":[6,-66,25],"translation":[0.63,3.45,-0.62],"scale":[0.68,0.68,0.68]},"firstperson_lefthand":{"rotation":[6,-66,25],"translation":[0.63,3.45,-0.62],"scale":[0.68,0.68,0.68]},"gui":{"rotation":[30,-135,0],"scale":[0.77,0.77,0.77]}}}