{"gui_light":"front","display":{"thirdperson_righthand":{"rotation":[75,45,0],"translation":[0,2.5,0],"scale":[0.13793103448275862,0.13793103448275862,0.13793103448275862]},"thirdperson_lefthand":{"rotation":[75,45,0],"translation":[0,2.5,0],"scale":[0.13793103448275862,0.13793103448275862,0.13793103448275862]},"firstperson_righthand":{"rotation":[0,45,0],"scale":[0.13793103448275862,0.13793103448275862,0.13793103448275862]},"firstperson_lefthand":{"rotation":[0,225,0],"scale":[0.13793103448275862,0.13793103448275862,0.13793103448275862]},"ground":{"translation":[0,-0.27586206896551724,0],"scale":[0.13793103448275862,0.13793103448275862,0.13793103448275862]},"gui":{"rotation":[30,225,0],"scale":[0.13793103448275862,0.13793103448275862,0.13793103448275862]},"head":{"rotation":[0,180,0]}}}