{"credit":"Made with Blockbench","parent":"hideaway:obs/501cbo","texture_size":[128,128],"textures":{"particle":"hideaway:particles/c0-2mb","2_x1024":"hideaway:obs/j0btve","6_x1024":"hideaway:obs/pr1qh8","8_x512":"hideaway:obs/mh52_-","3_x1024":"hideaway:obs/2eldst"},"elements":[{"from":[5.875,7.775,5.875],"to":[10.125,8.825,10.125],"rotation":{"angle":0,"axis":"y","origin":[8,8.3,8]},"faces":{"north":{"uv":[14.578125,5.046875,14.734375,5.703125],"rotation":90,"texture":"#2_x1024","tintindex":0},"east":{"uv":[14.578125,5.046875,14.734375,5.703125],"rotation":90,"texture":"#2_x1024","tintindex":0},"south":{"uv":[14.578125,5.046875,14.734375,5.703125],"rotation":90,"texture":"#2_x1024","tintindex":0},"west":{"uv":[14.578125,5.046875,14.734375,5.703125],"rotation":90,"texture":"#2_x1024","tintindex":0},"up":{"uv":[0.65625,5.046875,1.3125,5.703125],"texture":"#2_x1024","tintindex":0}}},{"from":[5.876,7.576,5.876],"to":[10.124,8.824,10.124],"rotation":{"angle":0,"axis":"y","origin":[8,8.7,8]},"faces":{"north":{"uv":[14.203125,5.046875,14.390625,5.703125],"rotation":90,"texture":"#2_x1024","tintindex":0},"east":{"uv":[14.203125,5.046875,14.390625,5.703125],"rotation":90,"texture":"#2_x1024","tintindex":0},"south":{"uv":[14.203125,5.046875,14.390625,5.703125],"rotation":90,"texture":"#2_x1024","tintindex":0},"west":{"uv":[14.203125,5.046875,14.390625,5.703125],"rotation":90,"texture":"#2_x1024","tintindex":0},"up":{"uv":[1.3125,5.046875,1.96875,5.703125],"texture":"#2_x1024","tintindex":0}}},{"name":"cube inverted","from":[10.124,8.824,10.124],"to":[5.876,7.576,5.876],"rotation":{"angle":0,"axis":"y","origin":[8,8.2,8]},"faces":{"north":{"uv":[14.578125,5.046875,14.390625,5.703125],"rotation":90,"texture":"#2_x1024","tintindex":0},"east":{"uv":[14.578125,5.046875,14.390625,5.703125],"rotation":90,"texture":"#2_x1024","tintindex":0},"south":{"uv":[14.578125,5.046875,14.390625,5.703125],"rotation":90,"texture":"#2_x1024","tintindex":0},"west":{"uv":[14.578125,5.046875,14.390625,5.703125],"rotation":90,"texture":"#2_x1024","tintindex":0},"down":{"uv":[2.625,5.046875,1.96875,5.703125],"texture":"#2_x1024","tintindex":0}}},{"name":"cube inverted","from":[10.125,8.825,10.125],"to":[5.875,7.775,5.875],"rotation":{"angle":0,"axis":"y","origin":[8,8.3,8]},"faces":{"north":{"uv":[14.890625,5.046875,14.734375,5.703125],"rotation":90,"texture":"#2_x1024","tintindex":0},"east":{"uv":[14.890625,5.046875,14.734375,5.703125],"rotation":90,"texture":"#2_x1024","tintindex":0},"south":{"uv":[14.890625,5.046875,14.734375,5.703125],"rotation":90,"texture":"#2_x1024","tintindex":0},"west":{"uv":[14.890625,5.046875,14.734375,5.703125],"rotation":90,"texture":"#2_x1024","tintindex":0},"down":{"uv":[3.28125,5.046875,2.625,5.703125],"texture":"#2_x1024","tintindex":0}}},{"from":[6.76967,7.4,8.47426],"to":[6.76967,8.5,9.97426],"rotation":{"angle":-45,"axis":"y","origin":[6.76967,7.95,9.22426]},"faces":{"east":{"uv":[13.40625,0.34375,13.171875,0.515625],"texture":"#6_x1024"},"west":{"uv":[13.40625,0.34375,13.640625,0.515625],"texture":"#6_x1024"}}},{"from":[9.23033,7.4,8.47426],"to":[9.23033,8.5,9.97426],"rotation":{"angle":45,"axis":"y","origin":[9.23033,7.95,9.22426]},"faces":{"east":{"uv":[13.40625,0.34375,13.171875,0.515625],"texture":"#6_x1024"},"west":{"uv":[13.40625,0.34375,13.640625,0.515625],"texture":"#6_x1024"}}},{"from":[6.76967,7.4,6.02574],"to":[6.76967,8.5,7.52574],"rotation":{"angle":45,"axis":"y","origin":[6.76967,7.95,6.77574]},"faces":{"east":{"uv":[13.40625,0.34375,13.640625,0.515625],"texture":"#6_x1024"},"west":{"uv":[13.40625,0.34375,13.171875,0.515625],"texture":"#6_x1024"}}},{"from":[9.23033,7.4,6.02574],"to":[9.23033,8.5,7.52574],"rotation":{"angle":-45,"axis":"y","origin":[9.23033,7.95,6.77574]},"faces":{"east":{"uv":[13.40625,0.34375,13.640625,0.515625],"texture":"#6_x1024"},"west":{"uv":[13.40625,0.34375,13.171875,0.515625],"texture":"#6_x1024"}}},{"from":[5.9,8.5,5.9],"to":[10.1,8.8,10.1],"rotation":{"angle":0,"axis":"y","origin":[8,8.65,8]},"faces":{"north":{"uv":[0.78125,5.703125,0.828125,6.359375],"rotation":90,"texture":"#2_x1024"},"east":{"uv":[0.78125,5.703125,0.828125,6.359375],"rotation":90,"texture":"#2_x1024"},"south":{"uv":[0.78125,5.703125,0.828125,6.359375],"rotation":90,"texture":"#2_x1024"},"west":{"uv":[0.78125,5.703125,0.828125,6.359375],"rotation":90,"texture":"#2_x1024"},"up":{"uv":[3.28125,5.046875,3.9375,5.703125],"texture":"#2_x1024"},"down":{"uv":[3.9375,5.046875,4.59375,5.703125],"texture":"#2_x1024"}}},{"from":[7.3,7.4,7.3],"to":[8.7,8.5,8.7],"rotation":{"angle":0,"axis":"y","origin":[8,7.95,8]},"faces":{"north":{"uv":[3.5,0.515625,3.71875,0.6875],"texture":"#6_x1024"},"east":{"uv":[3.5,0.515625,3.71875,0.6875],"texture":"#6_x1024"},"south":{"uv":[3.5,0.515625,3.71875,0.6875],"texture":"#6_x1024"},"west":{"uv":[3.5,0.515625,3.71875,0.6875],"texture":"#6_x1024"}}},{"from":[6.9,7.2,6.9],"to":[9.1,7.4,9.1],"rotation":{"angle":0,"axis":"y","origin":[8,7.3,8]},"faces":{"north":{"uv":[9.6875,11.84375,10.375,11.90625],"texture":"#8_x512"},"east":{"uv":[9.6875,11.84375,10.375,11.90625],"texture":"#8_x512"},"south":{"uv":[9.6875,11.84375,10.375,11.90625],"texture":"#8_x512"},"west":{"uv":[9.6875,11.84375,10.375,11.90625],"texture":"#8_x512"},"up":{"uv":[1.71875,15.5625,2.0625,15.90625],"texture":"#3_x1024"},"down":{"uv":[2.0625,15.5625,2.40625,15.90625],"texture":"#3_x1024"}}}],"display":{"gui":{"rotation":[30,-135,0],"translation":[0,-0.75,0],"scale":[2.54,2.54,2.54]}},"groups":[{"name":"group","origin":[8,8,8],"color":0,"nbt":"{}","children":[{"name":"group","origin":[8,8,8],"color":0,"nbt":"{}","children":[0,1,2,3]},{"name":"group","origin":[21.36396,7,-5.3033],"color":0,"nbt":"{}","children":[4,5,6,7]},{"name":"group","origin":[0,0,0],"color":0,"nbt":"{}","children":[8,9,10]}]}],"__credit":"Generated using Animated Java (https://animated-java.dev/)"}