{"textures":{"particle":"hideaway:particles/c6p272","4_x1024":"hideaway:obs/o8okc2","2_x1024":"hideaway:obs/j0btve"},"elements":[{"from":[-3,7.649999999999999,0],"to":[19,7.649999999999999,20],"rotation":{"angle":22.5,"axis":"x","origin":[8,10.75,9]},"faces":{"up":{"uv":[13.015625,2.59375,12.671875,2.28125],"texture":"#4_x1024","tintindex":0},"down":{"uv":[13.359375,2.28125,13.015625,2.59375],"texture":"#4_x1024","tintindex":0}}},{"from":[1,3.3231199999999994,17.82959],"to":[15,3.3231199999999994,18.82959],"rotation":{"angle":45,"axis":"x","origin":[8,3.3231199999999994,18.32959]},"faces":{"up":{"uv":[1.25,12.1875,1.03125,12.171875],"texture":"#2_x1024","tintindex":0},"down":{"uv":[1.46875,12.171875,1.25,12.1875],"texture":"#2_x1024","tintindex":0}}},{"from":[1,11.684600000000003,-1.3544100000000014],"to":[15,11.684600000000003,-0.35441000000000145],"rotation":{"angle":45,"axis":"x","origin":[8,11.684600000000003,-0.8544100000000014]},"faces":{"up":{"uv":[1.6875,12.1875,1.46875,12.171875],"texture":"#2_x1024","tintindex":0},"down":{"uv":[1.90625,12.171875,1.6875,12.1875],"texture":"#2_x1024","tintindex":0}}}],"display":{"head":{"rotation":[0,180,0]}}}