{"gui_light":"front","display":{"thirdperson_righthand":{"rotation":[75,45,0],"translation":[0,2.5,0],"scale":[0.17391304347826086,0.17391304347826086,0.17391304347826086]},"thirdperson_lefthand":{"rotation":[75,45,0],"translation":[0,2.5,0],"scale":[0.17391304347826086,0.17391304347826086,0.17391304347826086]},"firstperson_righthand":{"scale":[0.17391304347826086,0.17391304347826086,0.17391304347826086]},"firstperson_lefthand":{"rotation":[0,-180,0],"scale":[0.17391304347826086,0.17391304347826086,0.17391304347826086]},"ground":{"rotation":[0,45,0],"translation":[0,-0.34782608695652173,0],"scale":[0.17391304347826086,0.17391304347826086,0.17391304347826086]},"gui":{"rotation":[30,0,0],"translation":[0,-2.75,0],"scale":[0.17391304347826086,0.17391304347826086,0.17391304347826086]},"head":{"rotation":[0,180,0]}}}