{"credit":"Made by Ziqqy using Blockbench","parent":"hideaway:obs/6ssl_q","texture_size":[32,32],"textures":{"particle":"hideaway:particles/u4ud22","9_x256":"hideaway:obs/3ng0ma","10_x256":"hideaway:obs/na_dlk","6_x1024":"hideaway:obs/pr1qh8"},"elements":[{"from":[-3.31283,9.45461,7],"to":[4.68717,11.45461,9],"rotation":{"angle":-22.5,"axis":"z","origin":[0.68717,10.45461,8]},"faces":{"north":{"uv":[1,2.75,1.5,2.875],"texture":"#9_x256","tintindex":0},"east":{"uv":[14.75,2,14.875,2.125],"texture":"#10_x256","tintindex":0},"south":{"uv":[1.5,2.75,2,2.875],"texture":"#9_x256","tintindex":0},"west":{"uv":[14.875,2,15,2.125],"texture":"#10_x256","tintindex":0},"up":{"uv":[2.5,2.875,2,2.75],"texture":"#9_x256","tintindex":0},"down":{"uv":[3,2.75,2.5,2.875],"texture":"#9_x256","tintindex":0}}},{"from":[-5.31283,6.45461,8],"to":[3.68717,16.45461,8],"rotation":{"angle":-22.5,"axis":"z","origin":[0.68717,10.45461,8]},"faces":{"north":{"uv":[2.953125,6.265625,3.09375,6.421875],"texture":"#6_x1024","tintindex":0},"south":{"uv":[3.09375,6.265625,3.234375,6.421875],"texture":"#6_x1024","tintindex":0}}},{"from":[11.31283,9.45461,7],"to":[19.31283,11.45461,9],"rotation":{"angle":22.5,"axis":"z","origin":[15.31283,10.45461,8]},"faces":{"north":{"uv":[3.5,2.75,3,2.875],"texture":"#9_x256","tintindex":0},"east":{"uv":[15.125,2,15,2.125],"texture":"#10_x256","tintindex":0},"south":{"uv":[4,2.75,3.5,2.875],"texture":"#9_x256","tintindex":0},"west":{"uv":[15.25,2,15.125,2.125],"texture":"#10_x256","tintindex":0},"up":{"uv":[4,2.875,4.5,2.75],"texture":"#9_x256","tintindex":0},"down":{"uv":[4.5,2.75,5,2.875],"texture":"#9_x256","tintindex":0}}},{"from":[12.31283,6.45461,8],"to":[21.31283,16.45461,8],"rotation":{"angle":22.5,"axis":"z","origin":[15.31283,10.45461,8]},"faces":{"north":{"uv":[3.375,6.265625,3.234375,6.421875],"texture":"#6_x1024","tintindex":0},"south":{"uv":[3.515625,6.265625,3.375,6.421875],"texture":"#6_x1024","tintindex":0}}}],"display":{"gui":{"rotation":[30,-135,0],"translation":[0,-2.75,0],"scale":[0.83,0.83,0.83]}}}