{"gui_light":"front","display":{"thirdperson_righthand":{"rotation":[75,45,0],"translation":[0,2.5,0],"scale":[0.1904761904761905,0.1904761904761905,0.1904761904761905]},"thirdperson_lefthand":{"rotation":[75,45,0],"translation":[0,2.5,0],"scale":[0.1904761904761905,0.1904761904761905,0.1904761904761905]},"firstperson_righthand":{"scale":[0.1904761904761905,0.1904761904761905,0.1904761904761905]},"firstperson_lefthand":{"rotation":[0,-180,0],"scale":[0.1904761904761905,0.1904761904761905,0.1904761904761905]},"ground":{"rotation":[0,45,0],"translation":[0,-0.380952380952381,0],"scale":[0.1904761904761905,0.1904761904761905,0.1904761904761905]},"gui":{"rotation":[30,0,0],"translation":[0,-2.75,0],"scale":[0.1904761904761905,0.1904761904761905,0.1904761904761905]},"head":{"rotation":[0,180,0]}}}