{"credit":"Made with Blockbench","parent":"hideaway:obs/jg5906","texture_size":[128,128],"textures":{"particle":"hideaway:particles/hgn2t5","7_x1024":"hideaway:obs/h8il2u","2_x1024":"hideaway:obs/j0btve","5_x1024":"hideaway:obs/pl66af","4_x1024":"hideaway:obs/o8okc2"},"elements":[{"from":[5.1,8.4,5.9],"to":[10.7,8.8,10.1],"rotation":{"angle":0,"axis":"x","origin":[8,6.4,8]},"faces":{"north":{"uv":[1.75,10.6875,2.625,10.75],"rotation":180,"texture":"#7_x1024","tintindex":0},"east":{"uv":[10.765625,10.875,11.421875,10.9375],"rotation":180,"texture":"#7_x1024","tintindex":0},"south":{"uv":[2.625,10.6875,3.5,10.75],"rotation":180,"texture":"#7_x1024","tintindex":0},"west":{"uv":[11.421875,10.875,12.078125,10.9375],"rotation":180,"texture":"#7_x1024","tintindex":0},"up":{"uv":[1.875,4.390625,1,5.046875],"texture":"#2_x1024","tintindex":0},"down":{"uv":[2.75,5.046875,1.875,4.390625],"texture":"#2_x1024","tintindex":0}}},{"from":[9.1,8.3,5.9],"to":[11.2,8.8,7.3],"rotation":{"angle":0,"axis":"x","origin":[8,6.4,8]},"faces":{"north":{"uv":[13.234375,7.65625,13.5625,7.734375],"rotation":180,"texture":"#7_x1024","tintindex":0},"east":{"uv":[12.6875,8.125,12.90625,8.203125],"rotation":180,"texture":"#7_x1024","tintindex":0},"south":{"uv":[13.5625,7.65625,13.890625,7.734375],"rotation":180,"texture":"#7_x1024","tintindex":0},"west":{"uv":[12.90625,8.125,13.125,8.203125],"rotation":180,"texture":"#7_x1024","tintindex":0},"up":{"uv":[15.796875,4.0625,15.46875,4.28125],"texture":"#5_x1024","tintindex":0},"down":{"uv":[0.328125,4.5,0,4.28125],"texture":"#5_x1024","tintindex":0}}},{"from":[6,8.4,10.1],"to":[8.9,8.8,11.5],"rotation":{"angle":0,"axis":"x","origin":[8,6.4,8]},"faces":{"north":{"uv":[2.71875,11.25,3.171875,11.3125],"rotation":180,"texture":"#7_x1024","tintindex":0},"east":{"uv":[6.34375,12.3125,6.5625,12.375],"rotation":180,"texture":"#7_x1024","tintindex":0},"south":{"uv":[3.171875,11.25,3.625,11.3125],"rotation":180,"texture":"#7_x1024","tintindex":0},"west":{"uv":[6.5625,12.3125,6.78125,12.375],"rotation":180,"texture":"#7_x1024","tintindex":0},"up":{"uv":[3.234375,3.84375,2.78125,4.0625],"texture":"#5_x1024","tintindex":0},"down":{"uv":[3.6875,4.0625,3.234375,3.84375],"texture":"#5_x1024","tintindex":0}}},{"from":[4.4,8.2,6.3],"to":[7.3,8.8,8.3],"rotation":{"angle":0,"axis":"x","origin":[8,6.4,8]},"faces":{"north":{"uv":[4.6875,3.296875,5.140625,3.390625],"rotation":180,"texture":"#7_x1024","tintindex":0},"east":{"uv":[2.5,3.578125,2.8125,3.671875],"rotation":180,"texture":"#7_x1024","tintindex":0},"south":{"uv":[5.140625,3.296875,5.59375,3.390625],"rotation":180,"texture":"#7_x1024","tintindex":0},"west":{"uv":[2.8125,3.578125,3.125,3.671875],"rotation":180,"texture":"#7_x1024","tintindex":0},"up":{"uv":[15.734375,1.96875,15.28125,2.28125],"texture":"#4_x1024","tintindex":0},"down":{"uv":[0.453125,2.59375,0,2.28125],"texture":"#4_x1024","tintindex":0}}}],"gui_light":"front","display":{"gui":{"rotation":[30,225,180],"translation":[0.25,0.5,0],"scale":[1.9,1.9,1.9]}},"groups":[{"name":"group","origin":[8,0,8],"color":0,"children":[0,1,2,3]}]}